transaction_id,from_account,from_holder,from_bank,to_account,to_holder,to_bank,amount,timestamp,ip,phone,email
1,ACC1249,Amit Gupta,ICICI Bank,ACC2048,Amit Verma,ICICI Bank,171281,2024-01-24 18:16:00,192.168.3.42,9571490522,user1@bankmail.com
2,ACC1918,Manoj Verma,Bank of Baroda,ACC2577,Amit Sharma,State Bank of India,127204,2024-01-10 09:52:00,192.168.218.124,9434301818,user2@bankmail.com
3,ACC1107,Manoj Joshi,HDFC Bank,ACC2357,Manoj Joshi,State Bank of India,187781,2024-02-02 13:37:00,192.168.227.198,9789343968,user3@bankmail.com
4,ACC1839,Raj Kumar,Bank of Baroda,ACC2026,Anjali Desai,Axis Bank,115140,2024-01-20 00:18:00,192.168.253.155,9699640122,user4@bankmail.com
5,ACC1663,Pooja Singh,State Bank of India,ACC2000,Arjun Gupta,Axis Bank,186771,2024-01-02 22:34:00,192.168.14.150,9423938040,user5@bankmail.com
6,ACC1524,Sneha Patel,HDFC Bank,ACC2334,Manoj Desai,Bank of Baroda,155637,2024-01-22 05:21:00,192.168.236.100,9899697487,user6@bankmail.com
7,ACC1282,Vikram Kumar,State Bank of India,ACC2608,Arjun Reddy,State Bank of India,67243,2024-01-09 21:42:00,192.168.167.59,9984921456,user7@bankmail.com
8,ACC1891,Sneha Verma,Bank of Baroda,ACC2482,Vikram Kumar,Bank of Baroda,150361,2024-02-04 11:14:00,192.168.28.229,9188953705,user8@bankmail.com
9,ACC1729,Manoj Sharma,Bank of Baroda,ACC2272,Manoj Singh,Bank of Baroda,46789,2024-01-16 19:27:00,192.168.80.62,9705231691,user9@bankmail.com
10,ACC1329,Amit Verma,Bank of Baroda,ACC2154,Anjali Kumar,Axis Bank,12343,2024-01-17 10:32:00,192.168.189.67,9491353167,user10@bankmail.com
11,ACC1635,Raj Singh,HDFC Bank,ACC2970,Neha Verma,State Bank of India,182038,2024-01-21 05:18:00,192.168.23.116,9645493541,user11@bankmail.com
12,ACC1991,Arjun Gupta,State Bank of India,ACC2277,Arjun Kapoor,ICICI Bank,65003,2024-01-14 17:06:00,192.168.23.229,9689230707,user12@bankmail.com
13,ACC1653,Anjali Sharma,HDFC Bank,ACC2442,Amit Reddy,HDFC Bank,55495,2024-01-26 10:47:00,192.168.56.23,9952837322,user13@bankmail.com
14,ACC1195,Pooja Joshi,Axis Bank,ACC2147,Neha Patel,Axis Bank,63490,2024-01-29 02:58:00,192.168.173.56,9325561472,user14@bankmail.com
15,ACC1768,Anjali Desai,ICICI Bank,ACC2209,Raj Singh,State Bank of India,80296,2024-01-10 18:55:00,192.168.101.189,9321135437,user15@bankmail.com
16,ACC1743,Arjun Kapoor,State Bank of India,ACC2112,Vikram Joshi,Bank of Baroda,43008,2024-01-01 10:29:00,192.168.33.93,9487285773,user16@bankmail.com
17,ACC1904,Pooja Joshi,State Bank of India,ACC2795,Priya Reddy,ICICI Bank,74576,2024-01-19 14:53:00,192.168.102.110,9975571234,user17@bankmail.com
18,ACC1500,Anjali Gupta,State Bank of India,ACC2938,Amit Kumar,Bank of Baroda,133218,2024-02-04 13:24:00,192.168.188.207,9703260284,user18@bankmail.com
19,ACC1067,Pooja Verma,Bank of Baroda,ACC2770,Pooja Gupta,ICICI Bank,140214,2024-01-07 21:48:00,192.168.214.150,9323656079,user19@bankmail.com
20,ACC1250,Arjun Desai,ICICI Bank,ACC2335,Amit Gupta,Bank of Baroda,75665,2024-01-06 12:29:00,192.168.85.213,9858436695,user20@bankmail.com
21,ACC1690,Vikram Gupta,Axis Bank,ACC2543,Arjun Desai,Bank of Baroda,154829,2024-01-02 00:02:00,192.168.56.14,9423979349,user21@bankmail.com
22,ACC1406,Sneha Sharma,Bank of Baroda,ACC2230,Neha Kumar,ICICI Bank,140087,2024-01-17 20:23:00,192.168.99.239,9539694322,user22@bankmail.com
23,ACC1204,Sneha Sharma,Axis Bank,ACC2322,Arjun Gupta,Axis Bank,180664,2024-01-18 20:04:00,192.168.41.59,9702292116,user23@bankmail.com
24,ACC1849,Sneha Patel,HDFC Bank,ACC2938,Anjali Kapoor,Axis Bank,112396,2024-01-25 11:46:00,192.168.1.26,9882450267,user24@bankmail.com
25,ACC1589,Arjun Patel,ICICI Bank,ACC2172,Manoj Singh,Axis Bank,153335,2024-01-03 18:50:00,192.168.22.129,9387344464,user25@bankmail.com
26,ACC1529,Neha Desai,ICICI Bank,ACC2811,Neha Kapoor,HDFC Bank,153874,2024-01-15 06:57:00,192.168.6.95,9916185005,user26@bankmail.com
27,ACC1482,Sneha Patel,ICICI Bank,ACC2193,Priya Verma,State Bank of India,61807,2024-01-21 15:48:00,192.168.118.212,9466278555,user27@bankmail.com
28,ACC1129,Raj Verma,HDFC Bank,ACC2797,Neha Gupta,Bank of Baroda,6925,2024-01-14 03:40:00,192.168.36.178,9702631412,user28@bankmail.com
29,ACC1583,Manoj Kapoor,Axis Bank,ACC2478,Raj Reddy,Bank of Baroda,158296,2024-01-19 02:07:00,192.168.116.179,9643754660,user29@bankmail.com
30,ACC1225,Anjali Reddy,Axis Bank,ACC2850,Neha Verma,Axis Bank,162387,2024-02-05 03:18:00,192.168.199.32,9140302837,user30@bankmail.com
31,ACC1894,Neha Sharma,Bank of Baroda,ACC2555,Priya Kapoor,HDFC Bank,22456,2024-02-02 16:25:00,192.168.118.238,9296192296,user31@bankmail.com
32,ACC1737,Neha Verma,Axis Bank,ACC2274,Vikram Kumar,HDFC Bank,174677,2024-01-21 07:16:00,192.168.146.24,9868402754,user32@bankmail.com
33,ACC1805,Arjun Singh,Bank of Baroda,ACC2019,Vikram Singh,ICICI Bank,130799,2024-02-01 22:16:00,192.168.0.162,9843614711,user33@bankmail.com
34,ACC1097,Manoj Reddy,HDFC Bank,ACC2370,Priya Kumar,Bank of Baroda,40938,2024-01-09 22:09:00,192.168.146.183,9660954304,user34@bankmail.com
35,ACC1673,Pooja Joshi,Bank of Baroda,ACC2865,Arjun Reddy,Axis Bank,167100,2024-02-04 11:16:00,192.168.85.11,9700712060,user35@bankmail.com
36,ACC1782,Sneha Sharma,State Bank of India,ACC2092,Amit Desai,State Bank of India,193254,2024-02-03 01:11:00,192.168.157.248,9182446351,user36@bankmail.com
37,ACC1154,Arjun Verma,Axis Bank,ACC2810,Neha Gupta,ICICI Bank,14890,2024-01-19 21:52:00,192.168.124.210,9161581973,user37@bankmail.com
38,ACC1510,Pooja Reddy,HDFC Bank,ACC2906,Manoj Singh,Axis Bank,91514,2024-01-05 03:33:00,192.168.98.150,9590783107,user38@bankmail.com
39,ACC1216,Manoj Gupta,State Bank of India,ACC2758,Raj Kumar,Bank of Baroda,193042,2024-01-07 13:35:00,192.168.122.191,9606565594,user39@bankmail.com
40,ACC1959,Neha Kumar,ICICI Bank,ACC2194,Neha Singh,ICICI Bank,24167,2024-01-11 06:09:00,192.168.160.142,9496211725,user40@bankmail.com
41,ACC1770,Vikram Singh,ICICI Bank,ACC2507,Priya Kumar,Axis Bank,52119,2024-02-02 06:43:00,192.168.137.244,9449361605,user41@bankmail.com
42,ACC1049,Arjun Verma,Bank of Baroda,ACC2286,Raj Verma,Axis Bank,155956,2024-01-12 23:58:00,192.168.97.35,9495810403,user42@bankmail.com
43,ACC1237,Raj Kapoor,Axis Bank,ACC2003,Anjali Kapoor,Axis Bank,47771,2024-01-28 07:21:00,192.168.165.199,9633767871,user43@bankmail.com
44,ACC1123,Vikram Singh,HDFC Bank,ACC2899,Priya Patel,Axis Bank,174583,2024-01-20 09:07:00,192.168.157.9,9965231721,user44@bankmail.com
45,ACC1970,Neha Kapoor,Axis Bank,ACC2401,Amit Kapoor,ICICI Bank,73150,2024-01-02 13:46:00,192.168.5.20,9136611695,user45@bankmail.com
46,ACC1081,Amit Kapoor,ICICI Bank,ACC2771,Priya Kapoor,State Bank of India,105318,2024-01-09 12:38:00,192.168.247.252,9267519028,user46@bankmail.com
47,ACC1373,Raj Verma,HDFC Bank,ACC2829,Neha Verma,Bank of Baroda,169855,2024-01-24 03:07:00,192.168.147.241,9308524509,user47@bankmail.com
48,ACC1854,Vikram Gupta,ICICI Bank,ACC2034,Neha Patel,State Bank of India,66685,2024-01-10 04:44:00,192.168.98.34,9499820429,user48@bankmail.com
49,ACC1525,Manoj Kapoor,HDFC Bank,ACC2029,Amit Reddy,Bank of Baroda,165992,2024-01-30 19:28:00,192.168.115.136,9292370900,user49@bankmail.com
50,ACC1235,Arjun Verma,Axis Bank,ACC2017,Amit Kapoor,Bank of Baroda,75897,2024-01-23 13:56:00,192.168.86.86,9571453936,user50@bankmail.com
51,ACC1448,Vikram Patel,Axis Bank,ACC2445,Amit Patel,Bank of Baroda,154383,2024-01-09 08:57:00,192.168.121.61,9822638549,user51@bankmail.com
52,ACC1168,Neha Verma,ICICI Bank,ACC2910,Pooja Kapoor,Axis Bank,194036,2024-01-25 08:21:00,192.168.116.200,9316694628,user52@bankmail.com
53,ACC1525,Manoj Desai,Axis Bank,ACC2535,Arjun Kapoor,ICICI Bank,16385,2024-01-29 18:30:00,192.168.221.156,9812442828,user53@bankmail.com
54,ACC1177,Neha Desai,ICICI Bank,ACC2544,Manoj Singh,ICICI Bank,184358,2024-01-07 14:17:00,192.168.233.52,9338015322,user54@bankmail.com
55,ACC1799,Sneha Desai,Axis Bank,ACC2598,Arjun Reddy,State Bank of India,165138,2024-01-30 10:38:00,192.168.29.11,9181705765,user55@bankmail.com
56,ACC1650,Amit Singh,Axis Bank,ACC2534,Neha Patel,ICICI Bank,88386,2024-01-21 12:05:00,192.168.18.120,9711660672,user56@bankmail.com
57,ACC1669,Priya Verma,State Bank of India,ACC2615,Raj Reddy,ICICI Bank,110159,2024-01-20 00:31:00,192.168.36.161,9127996941,user57@bankmail.com
58,ACC1019,Neha Reddy,Axis Bank,ACC2502,Pooja Singh,Bank of Baroda,151417,2024-01-19 22:00:00,192.168.213.160,9418635667,user58@bankmail.com
59,ACC1394,Amit Gupta,State Bank of India,ACC2599,Vikram Kumar,Axis Bank,182569,2024-01-17 19:54:00,192.168.96.170,9260595857,user59@bankmail.com
60,ACC1538,Sneha Joshi,Axis Bank,ACC2533,Amit Joshi,State Bank of India,199144,2024-02-03 20:55:00,192.168.183.126,9301559487,user60@bankmail.com
61,ACC1052,Raj Kumar,ICICI Bank,ACC2336,Raj Sharma,HDFC Bank,74864,2024-01-30 21:20:00,192.168.205.50,9470534092,user61@bankmail.com
62,ACC1781,Sneha Desai,Bank of Baroda,ACC2688,Sneha Reddy,Bank of Baroda,149189,2024-01-09 04:41:00,192.168.170.232,9460669557,user62@bankmail.com
63,ACC1950,Sneha Desai,State Bank of India,ACC2151,Pooja Gupta,State Bank of India,31247,2024-01-10 16:33:00,192.168.239.4,9509802750,user63@bankmail.com
64,ACC1402,Amit Reddy,ICICI Bank,ACC2957,Priya Desai,Axis Bank,160868,2024-01-15 10:47:00,192.168.123.210,9285506015,user64@bankmail.com
65,ACC1199,Anjali Singh,Bank of Baroda,ACC2991,Manoj Joshi,HDFC Bank,116744,2024-01-16 00:11:00,192.168.95.19,9867785978,user65@bankmail.com
66,ACC1653,Anjali Reddy,Bank of Baroda,ACC2918,Priya Kumar,ICICI Bank,60528,2024-02-03 22:56:00,192.168.55.199,9503097723,user66@bankmail.com
67,ACC1519,Vikram Patel,Axis Bank,ACC2868,Pooja Reddy,HDFC Bank,191598,2024-01-12 12:52:00,192.168.22.35,9943346475,user67@bankmail.com
68,ACC1238,Pooja Singh,Bank of Baroda,ACC2452,Raj Patel,State Bank of India,161539,2024-01-19 06:53:00,192.168.206.235,9252106863,user68@bankmail.com
69,ACC1139,Priya Kapoor,Bank of Baroda,ACC2237,Amit Singh,ICICI Bank,53020,2024-01-21 16:50:00,192.168.69.243,9481532250,user69@bankmail.com
70,ACC1037,Arjun Kumar,Axis Bank,ACC2919,Vikram Sharma,Axis Bank,107555,2024-01-25 12:45:00,192.168.221.130,9471896538,user70@bankmail.com
71,ACC1073,Manoj Sharma,Bank of Baroda,ACC2586,Arjun Kapoor,ICICI Bank,59228,2024-01-27 14:56:00,192.168.192.98,9389903251,user71@bankmail.com
72,ACC1616,Amit Kapoor,Bank of Baroda,ACC2893,Pooja Desai,HDFC Bank,97640,2024-02-01 06:14:00,192.168.112.198,9310100751,user72@bankmail.com
73,ACC1716,Arjun Gupta,Bank of Baroda,ACC2685,Arjun Verma,HDFC Bank,137510,2024-01-12 05:29:00,192.168.125.143,9536691610,user73@bankmail.com
74,ACC1634,Sneha Gupta,Bank of Baroda,ACC2110,Pooja Kumar,HDFC Bank,126798,2024-01-08 00:06:00,192.168.126.130,9790733348,user74@bankmail.com
75,ACC1797,Arjun Reddy,Bank of Baroda,ACC2460,Arjun Patel,Axis Bank,48882,2024-02-03 17:07:00,192.168.40.52,9469643164,user75@bankmail.com
76,ACC1232,Anjali Desai,HDFC Bank,ACC2937,Anjali Kapoor,Axis Bank,111055,2024-01-26 07:17:00,192.168.245.123,9567922129,user76@bankmail.com
77,ACC1298,Sneha Singh,State Bank of India,ACC2337,Sneha Singh,ICICI Bank,193451,2024-02-04 08:40:00,192.168.133.83,9207101011,user77@bankmail.com
78,ACC1890,Manoj Singh,Axis Bank,ACC2730,Arjun Kapoor,Axis Bank,160096,2024-01-03 16:25:00,192.168.136.242,9267015712,user78@bankmail.com
79,ACC1205,Raj Singh,Bank of Baroda,ACC2509,Pooja Kumar,Axis Bank,58950,2024-01-06 10:27:00,192.168.215.174,9268230941,user79@bankmail.com
80,ACC1739,Sneha Sharma,State Bank of India,ACC2938,Manoj Singh,Axis Bank,153368,2024-01-28 13:21:00,192.168.90.196,9963939409,user80@bankmail.com
81,ACC1748,Vikram Sharma,State Bank of India,ACC2817,Priya Verma,Bank of Baroda,129155,2024-02-02 14:15:00,192.168.136.46,9723796804,user81@bankmail.com
82,ACC1525,Anjali Joshi,HDFC Bank,ACC2642,Raj Kapoor,State Bank of India,54255,2024-01-11 06:02:00,192.168.95.153,9236995711,user82@bankmail.com
83,ACC1813,Neha Joshi,Bank of Baroda,ACC2958,Amit Verma,ICICI Bank,198849,2024-01-06 13:40:00,192.168.183.113,9593216184,user83@bankmail.com
84,ACC1029,Neha Gupta,ICICI Bank,ACC2182,Vikram Sharma,ICICI Bank,30365,2024-01-24 03:49:00,192.168.77.250,9377586972,user84@bankmail.com
85,ACC1820,Priya Desai,Axis Bank,ACC2372,Manoj Kumar,HDFC Bank,36636,2024-01-15 08:17:00,192.168.30.179,9906913432,user85@bankmail.com
86,ACC1713,Raj Singh,Axis Bank,ACC2454,Arjun Gupta,ICICI Bank,11263,2024-01-11 06:27:00,192.168.23.225,9407293220,user86@bankmail.com
87,ACC1373,Raj Kumar,Axis Bank,ACC2064,Sneha Reddy,Axis Bank,144673,2024-01-01 12:41:00,192.168.143.186,9843286084,user87@bankmail.com
88,ACC1437,Neha Reddy,Axis Bank,ACC2560,Priya Reddy,State Bank of India,29735,2024-01-06 13:57:00,192.168.170.235,9734302812,user88@bankmail.com
89,ACC1789,Manoj Desai,Bank of Baroda,ACC2594,Arjun Desai,HDFC Bank,76252,2024-01-22 16:11:00,192.168.236.241,9602261395,user89@bankmail.com
90,ACC1656,Manoj Verma,State Bank of India,ACC2571,Manoj Kapoor,Axis Bank,43171,2024-01-29 16:24:00,192.168.35.128,9314636434,user90@bankmail.com
91,ACC1701,Priya Joshi,State Bank of India,ACC2056,Manoj Patel,Bank of Baroda,156467,2024-01-08 21:48:00,192.168.251.206,9633225411,user91@bankmail.com
92,ACC1587,Amit Patel,State Bank of India,ACC2768,Anjali Kumar,State Bank of India,154047,2024-01-10 01:38:00,192.168.26.7,9428486893,user92@bankmail.com
93,ACC1320,Arjun Desai,HDFC Bank,ACC2393,Sneha Singh,ICICI Bank,149417,2024-01-11 16:26:00,192.168.96.254,9972337386,user93@bankmail.com
94,ACC1403,Arjun Verma,ICICI Bank,ACC2019,Neha Patel,Axis Bank,69823,2024-01-25 11:31:00,192.168.91.109,9210815293,user94@bankmail.com
95,ACC1696,Priya Reddy,State Bank of India,ACC2107,Amit Sharma,Axis Bank,85770,2024-01-02 12:35:00,192.168.113.64,9772307704,user95@bankmail.com
96,ACC1444,Arjun Kumar,ICICI Bank,ACC2552,Vikram Joshi,ICICI Bank,56119,2024-01-02 11:52:00,192.168.239.74,9767475416,user96@bankmail.com
97,ACC1626,Manoj Reddy,Bank of Baroda,ACC2451,Manoj Kapoor,State Bank of India,40908,2024-01-27 15:11:00,192.168.158.87,9145454920,user97@bankmail.com
98,ACC1962,Raj Gupta,Axis Bank,ACC2446,Vikram Joshi,State Bank of India,33540,2024-01-18 00:13:00,192.168.236.249,9976496412,user98@bankmail.com
99,ACC1893,Sneha Desai,ICICI Bank,ACC2076,Priya Patel,ICICI Bank,114095,2024-01-12 22:28:00,192.168.40.91,9276599130,user99@bankmail.com
100,ACC1473,Arjun Reddy,ICICI Bank,ACC2985,Anjali Verma,HDFC Bank,63469,2024-01-08 05:01:00,192.168.235.52,9748413806,user100@bankmail.com
101,ACC1543,Raj Desai,ICICI Bank,ACC2047,Anjali Desai,HDFC Bank,196669,2024-02-04 17:00:00,192.168.60.109,9118920598,user101@bankmail.com
102,ACC1450,Vikram Singh,State Bank of India,ACC2691,Priya Gupta,ICICI Bank,188385,2024-01-06 14:09:00,192.168.106.84,9234701221,user102@bankmail.com
103,ACC1451,Anjali Sharma,HDFC Bank,ACC2431,Manoj Singh,Axis Bank,158046,2024-01-19 03:59:00,192.168.142.213,9712752628,user103@bankmail.com
104,ACC1668,Amit Patel,State Bank of India,ACC2160,Priya Gupta,ICICI Bank,20156,2024-01-24 01:20:00,192.168.165.38,9377039569,user104@bankmail.com
105,ACC1495,Raj Verma,Bank of Baroda,ACC2697,Manoj Kapoor,Bank of Baroda,133657,2024-01-12 18:14:00,192.168.206.108,9213559933,user105@bankmail.com
106,ACC1458,Sneha Patel,HDFC Bank,ACC2669,Pooja Desai,Bank of Baroda,120715,2024-01-04 14:35:00,192.168.56.212,9996819722,user106@bankmail.com
107,ACC1873,Raj Sharma,Bank of Baroda,ACC2337,Arjun Singh,HDFC Bank,146968,2024-01-12 00:29:00,192.168.62.167,9606591140,user107@bankmail.com
108,ACC1532,Raj Reddy,ICICI Bank,ACC2627,Raj Sharma,HDFC Bank,155757,2024-02-01 23:45:00,192.168.17.60,9143227018,user108@bankmail.com
109,ACC1137,Pooja Desai,Axis Bank,ACC2475,Amit Sharma,State Bank of India,178832,2024-01-04 11:13:00,192.168.239.128,9727920129,user109@bankmail.com
110,ACC1344,Priya Sharma,HDFC Bank,ACC2391,Neha Gupta,State Bank of India,5545,2024-01-18 05:31:00,192.168.99.83,9325843647,user110@bankmail.com
111,ACC1036,Anjali Singh,ICICI Bank,ACC2405,Manoj Reddy,HDFC Bank,116901,2024-01-05 11:16:00,192.168.133.40,9817749662,user111@bankmail.com
112,ACC1157,Raj Joshi,State Bank of India,ACC2551,Arjun Sharma,ICICI Bank,54180,2024-01-23 23:07:00,192.168.157.75,9265487923,user112@bankmail.com
113,ACC1186,Raj Verma,Axis Bank,ACC2500,Manoj Singh,Bank of Baroda,44498,2024-01-18 00:56:00,192.168.121.209,9263659627,user113@bankmail.com
114,ACC1093,Neha Reddy,ICICI Bank,ACC2072,Vikram Singh,State Bank of India,96194,2024-01-06 03:36:00,192.168.161.139,9871404470,user114@bankmail.com
115,ACC1523,Amit Sharma,State Bank of India,ACC2172,Anjali Verma,HDFC Bank,122987,2024-01-27 00:38:00,192.168.44.16,9986303969,user115@bankmail.com
116,ACC1195,Vikram Gupta,ICICI Bank,ACC2379,Anjali Kumar,HDFC Bank,103719,2024-01-07 18:23:00,192.168.37.242,9625242200,user116@bankmail.com
117,ACC1571,Anjali Joshi,HDFC Bank,ACC2502,Raj Kapoor,Axis Bank,102971,2024-01-22 06:12:00,192.168.165.3,9525777401,user117@bankmail.com
118,ACC1818,Arjun Reddy,Bank of Baroda,ACC2737,Raj Singh,ICICI Bank,159335,2024-01-24 01:22:00,192.168.129.55,9631425603,user118@bankmail.com
119,ACC1113,Manoj Desai,State Bank of India,ACC2693,Manoj Reddy,State Bank of India,14239,2024-01-20 00:06:00,192.168.130.206,9836284887,user119@bankmail.com
120,ACC1546,Neha Singh,ICICI Bank,ACC2585,Vikram Singh,ICICI Bank,37091,2024-01-09 03:02:00,192.168.118.105,9729658403,user120@bankmail.com
121,ACC1965,Raj Joshi,Bank of Baroda,ACC2579,Manoj Sharma,Axis Bank,117482,2024-01-24 14:52:00,192.168.248.147,9390935190,user121@bankmail.com
122,ACC1911,Raj Gupta,Axis Bank,ACC2939,Pooja Patel,State Bank of India,127127,2024-02-03 13:06:00,192.168.146.59,9427387751,user122@bankmail.com
123,ACC1321,Pooja Joshi,Bank of Baroda,ACC2147,Pooja Sharma,Axis Bank,16270,2024-01-02 16:25:00,192.168.238.5,9903823148,user123@bankmail.com
124,ACC1043,Pooja Joshi,Bank of Baroda,ACC2855,Pooja Sharma,Bank of Baroda,56997,2024-02-01 22:02:00,192.168.50.159,9895228808,user124@bankmail.com
125,ACC1063,Manoj Verma,Bank of Baroda,ACC2233,Raj Kumar,Axis Bank,96310,2024-01-13 17:02:00,192.168.57.251,9263017626,user125@bankmail.com
126,ACC1999,Anjali Sharma,State Bank of India,ACC2718,Manoj Patel,Bank of Baroda,193044,2024-02-01 21:28:00,192.168.17.23,9704080003,user126@bankmail.com
127,ACC1283,Anjali Verma,State Bank of India,ACC2023,Raj Verma,ICICI Bank,137564,2024-01-22 08:59:00,192.168.27.56,9760532339,user127@bankmail.com
128,ACC1340,Priya Joshi,HDFC Bank,ACC2623,Manoj Kumar,State Bank of India,164201,2024-01-26 19:53:00,192.168.219.229,9380495728,user128@bankmail.com
129,ACC1549,Sneha Reddy,State Bank of India,ACC2150,Priya Sharma,HDFC Bank,116933,2024-01-10 19:16:00,192.168.27.238,9835089909,user129@bankmail.com
130,ACC1130,Neha Joshi,State Bank of India,ACC2370,Sneha Kapoor,Axis Bank,161194,2024-01-09 05:35:00,192.168.162.30,9714666805,user130@bankmail.com
131,ACC1756,Arjun Kumar,ICICI Bank,ACC2697,Amit Sharma,Axis Bank,187836,2024-02-01 00:34:00,192.168.14.142,9710372452,user131@bankmail.com
132,ACC1957,Anjali Sharma,State Bank of India,ACC2148,Anjali Patel,State Bank of India,184693,2024-02-02 04:48:00,192.168.47.171,9901375930,user132@bankmail.com
133,ACC1582,Pooja Sharma,State Bank of India,ACC2650,Neha Joshi,State Bank of India,10751,2024-01-23 16:12:00,192.168.233.241,9329136651,user133@bankmail.com
134,ACC1188,Priya Verma,Bank of Baroda,ACC2405,Raj Verma,State Bank of India,95829,2024-01-31 20:49:00,192.168.193.94,9987192426,user134@bankmail.com
135,ACC1475,Pooja Kapoor,Bank of Baroda,ACC2142,Raj Gupta,HDFC Bank,142655,2024-01-17 00:07:00,192.168.8.69,9438991668,user135@bankmail.com
136,ACC1159,Neha Kapoor,ICICI Bank,ACC2095,Anjali Reddy,State Bank of India,65041,2024-01-10 18:18:00,192.168.116.96,9628371650,user136@bankmail.com
137,ACC1992,Manoj Kapoor,State Bank of India,ACC2383,Vikram Kumar,State Bank of India,84199,2024-01-07 08:21:00,192.168.98.206,9657376230,user137@bankmail.com
138,ACC1055,Priya Singh,State Bank of India,ACC2786,Arjun Singh,HDFC Bank,199871,2024-01-13 05:05:00,192.168.108.251,9286576856,user138@bankmail.com
139,ACC1167,Amit Kapoor,Bank of Baroda,ACC2923,Anjali Sharma,ICICI Bank,86623,2024-01-04 05:16:00,192.168.66.22,9940826698,user139@bankmail.com
140,ACC1255,Neha Reddy,HDFC Bank,ACC2654,Neha Kapoor,ICICI Bank,177044,2024-01-22 00:36:00,192.168.161.79,9555204521,user140@bankmail.com
141,ACC1340,Priya Patel,HDFC Bank,ACC2577,Raj Singh,Bank of Baroda,141359,2024-01-28 22:20:00,192.168.41.243,9490969190,user141@bankmail.com
142,ACC1697,Neha Gupta,Axis Bank,ACC2010,Pooja Verma,Bank of Baroda,154884,2024-01-13 10:57:00,192.168.138.197,9654100455,user142@bankmail.com
143,ACC1340,Arjun Verma,ICICI Bank,ACC2718,Manoj Gupta,ICICI Bank,185340,2024-01-31 04:13:00,192.168.191.68,9641451400,user143@bankmail.com
144,ACC1082,Manoj Verma,State Bank of India,ACC2485,Neha Joshi,State Bank of India,100521,2024-02-05 00:21:00,192.168.13.189,9583906876,user144@bankmail.com
145,ACC1463,Sneha Kumar,State Bank of India,ACC2745,Sneha Gupta,Axis Bank,104021,2024-01-12 17:32:00,192.168.201.186,9725063264,user145@bankmail.com
146,ACC1895,Arjun Joshi,HDFC Bank,ACC2306,Neha Kumar,Bank of Baroda,171930,2024-01-10 06:24:00,192.168.174.58,9891266224,user146@bankmail.com
147,ACC1140,Neha Kumar,Axis Bank,ACC2593,Raj Kumar,HDFC Bank,109755,2024-01-02 00:57:00,192.168.11.6,9991567894,user147@bankmail.com
148,ACC1250,Manoj Reddy,Bank of Baroda,ACC2441,Sneha Singh,HDFC Bank,85958,2024-01-15 11:47:00,192.168.119.97,9310812273,user148@bankmail.com
149,ACC1092,Pooja Verma,Axis Bank,ACC2295,Sneha Singh,Bank of Baroda,61293,2024-01-09 15:46:00,192.168.251.236,9992105175,user149@bankmail.com
150,ACC1126,Priya Reddy,Bank of Baroda,ACC2422,Raj Gupta,HDFC Bank,161835,2024-01-02 06:08:00,192.168.238.132,9326892338,user150@bankmail.com
151,ACC1680,Arjun Gupta,HDFC Bank,ACC2042,Sneha Reddy,Axis Bank,120914,2024-01-23 03:21:00,192.168.65.63,9216529684,user151@bankmail.com
152,ACC1726,Raj Desai,Axis Bank,ACC2524,Vikram Gupta,State Bank of India,174017,2024-01-21 02:39:00,192.168.23.159,9145824711,user152@bankmail.com
153,ACC1621,Priya Joshi,HDFC Bank,ACC2847,Raj Singh,Axis Bank,159178,2024-01-08 01:40:00,192.168.175.238,9728583358,user153@bankmail.com
154,ACC1071,Sneha Kumar,ICICI Bank,ACC2188,Priya Kapoor,State Bank of India,33348,2024-01-19 01:14:00,192.168.236.166,9350784034,user154@bankmail.com
155,ACC1696,Anjali Joshi,HDFC Bank,ACC2806,Vikram Gupta,Bank of Baroda,167709,2024-01-10 19:34:00,192.168.153.181,9765316272,user155@bankmail.com
156,ACC1251,Sneha Gupta,Bank of Baroda,ACC2529,Pooja Sharma,HDFC Bank,54684,2024-02-04 06:24:00,192.168.224.24,9596398974,user156@bankmail.com
157,ACC1959,Manoj Kapoor,HDFC Bank,ACC2269,Amit Desai,ICICI Bank,18747,2024-01-31 16:24:00,192.168.246.146,9644596910,user157@bankmail.com
158,ACC1555,Anjali Sharma,HDFC Bank,ACC2167,Anjali Reddy,Axis Bank,120569,2024-01-20 15:23:00,192.168.167.102,9277039048,user158@bankmail.com
159,ACC1268,Sneha Desai,Bank of Baroda,ACC2857,Priya Desai,State Bank of India,132158,2024-01-22 01:20:00,192.168.182.188,9671182768,user159@bankmail.com
160,ACC1194,Neha Gupta,ICICI Bank,ACC2308,Anjali Sharma,Bank of Baroda,27023,2024-01-23 09:14:00,192.168.88.155,9391371166,user160@bankmail.com
161,ACC1892,Anjali Sharma,Axis Bank,ACC2277,Manoj Kapoor,HDFC Bank,25911,2024-01-31 14:33:00,192.168.244.155,9886865154,user161@bankmail.com
162,ACC1005,Arjun Patel,Axis Bank,ACC2838,Manoj Joshi,Bank of Baroda,76522,2024-01-11 20:56:00,192.168.158.86,9900349844,user162@bankmail.com
163,ACC1016,Neha Sharma,HDFC Bank,ACC2130,Manoj Sharma,Axis Bank,110593,2024-01-13 16:30:00,192.168.215.238,9412279737,user163@bankmail.com
164,ACC1159,Neha Joshi,Bank of Baroda,ACC2753,Neha Patel,ICICI Bank,33219,2024-01-20 11:46:00,192.168.226.98,9556582607,user164@bankmail.com
165,ACC1385,Manoj Desai,ICICI Bank,ACC2227,Neha Kumar,Axis Bank,42596,2024-01-26 04:57:00,192.168.176.122,9762715603,user165@bankmail.com
166,ACC1964,Arjun Kapoor,ICICI Bank,ACC2489,Anjali Kumar,ICICI Bank,146430,2024-02-05 02:33:00,192.168.168.46,9553759961,user166@bankmail.com
167,ACC1845,Sneha Kapoor,HDFC Bank,ACC2800,Raj Sharma,HDFC Bank,93842,2024-01-23 06:33:00,192.168.204.150,9497772517,user167@bankmail.com
168,ACC1637,Neha Singh,Axis Bank,ACC2395,Neha Desai,HDFC Bank,19770,2024-01-25 05:00:00,192.168.94.213,9219547655,user168@bankmail.com
169,ACC1268,Vikram Sharma,Axis Bank,ACC2212,Amit Singh,Bank of Baroda,17947,2024-01-05 02:32:00,192.168.111.60,9846106734,user169@bankmail.com
170,ACC1047,Arjun Kumar,ICICI Bank,ACC2841,Priya Singh,Axis Bank,25179,2024-01-24 19:44:00,192.168.231.136,9689278712,user170@bankmail.com
171,ACC1298,Priya Kumar,Bank of Baroda,ACC2277,Manoj Desai,State Bank of India,45785,2024-01-25 23:58:00,192.168.23.212,9836080254,user171@bankmail.com
172,ACC1978,Amit Reddy,State Bank of India,ACC2268,Priya Verma,Axis Bank,148659,2024-01-22 07:07:00,192.168.0.160,9969351390,user172@bankmail.com
173,ACC1868,Vikram Kapoor,ICICI Bank,ACC2587,Neha Sharma,State Bank of India,52856,2024-01-04 15:26:00,192.168.222.66,9483742473,user173@bankmail.com
174,ACC1709,Manoj Gupta,Bank of Baroda,ACC2573,Arjun Joshi,Bank of Baroda,199799,2024-01-19 11:19:00,192.168.234.35,9214299903,user174@bankmail.com
175,ACC1427,Arjun Joshi,ICICI Bank,ACC2063,Pooja Verma,Bank of Baroda,180347,2024-01-16 19:38:00,192.168.13.80,9383904743,user175@bankmail.com
176,ACC1924,Vikram Verma,State Bank of India,ACC2477,Arjun Sharma,Axis Bank,145248,2024-01-07 16:48:00,192.168.43.243,9370469023,user176@bankmail.com
177,ACC1570,Pooja Verma,ICICI Bank,ACC2947,Pooja Desai,Axis Bank,91600,2024-01-25 18:37:00,192.168.36.243,9728328088,user177@bankmail.com
178,ACC1280,Pooja Joshi,HDFC Bank,ACC2050,Priya Joshi,Bank of Baroda,139005,2024-01-18 18:41:00,192.168.226.97,9515440878,user178@bankmail.com
179,ACC1695,Manoj Desai,HDFC Bank,ACC2310,Pooja Verma,State Bank of India,151073,2024-01-09 19:39:00,192.168.126.55,9245706439,user179@bankmail.com
180,ACC1708,Vikram Kumar,State Bank of India,ACC2452,Vikram Kapoor,Axis Bank,190963,2024-01-24 08:41:00,192.168.69.253,9629826943,user180@bankmail.com
181,ACC1169,Sneha Singh,State Bank of India,ACC2296,Priya Sharma,Axis Bank,118855,2024-02-04 06:18:00,192.168.195.147,9496383006,user181@bankmail.com
182,ACC1418,Manoj Patel,ICICI Bank,ACC2219,Arjun Singh,ICICI Bank,35103,2024-01-05 07:00:00,192.168.35.51,9335635496,user182@bankmail.com
183,ACC1663,Priya Singh,Bank of Baroda,ACC2708,Amit Kumar,HDFC Bank,91732,2024-01-15 15:36:00,192.168.7.20,9368677460,user183@bankmail.com
184,ACC1423,Raj Verma,State Bank of India,ACC2772,Neha Verma,Bank of Baroda,27483,2024-01-12 09:07:00,192.168.26.69,9351659520,user184@bankmail.com
185,ACC1964,Amit Desai,Axis Bank,ACC2333,Vikram Reddy,Axis Bank,155623,2024-02-01 08:55:00,192.168.206.216,9585736520,user185@bankmail.com
186,ACC1127,Raj Joshi,ICICI Bank,ACC2623,Anjali Singh,Axis Bank,145497,2024-01-15 19:35:00,192.168.143.39,9802751783,user186@bankmail.com
187,ACC1247,Vikram Kapoor,State Bank of India,ACC2004,Raj Kumar,Axis Bank,57968,2024-01-31 10:56:00,192.168.223.138,9634389589,user187@bankmail.com
188,ACC1306,Raj Desai,HDFC Bank,ACC2215,Vikram Sharma,ICICI Bank,129111,2024-01-13 04:16:00,192.168.130.252,9921804584,user188@bankmail.com
189,ACC1698,Arjun Patel,HDFC Bank,ACC2139,Neha Desai,HDFC Bank,153258,2024-01-19 05:58:00,192.168.247.33,9128531841,user189@bankmail.com
190,ACC1144,Neha Joshi,ICICI Bank,ACC2385,Neha Desai,HDFC Bank,28830,2024-01-04 01:47:00,192.168.80.121,9518702258,user190@bankmail.com
191,ACC1732,Amit Desai,Axis Bank,ACC2204,Priya Kapoor,HDFC Bank,149882,2024-01-28 21:23:00,192.168.249.84,9658448761,user191@bankmail.com
192,ACC1799,Sneha Desai,Axis Bank,ACC2694,Manoj Desai,Bank of Baroda,194045,2024-01-31 20:38:00,192.168.53.202,9624314070,user192@bankmail.com
193,ACC1670,Manoj Gupta,State Bank of India,ACC2841,Sneha Verma,State Bank of India,9419,2024-01-15 13:02:00,192.168.17.152,9914083410,user193@bankmail.com
194,ACC1605,Amit Patel,Axis Bank,ACC2526,Sneha Kapoor,Bank of Baroda,155714,2024-02-04 23:37:00,192.168.110.221,9429037870,user194@bankmail.com
195,ACC1532,Manoj Patel,State Bank of India,ACC2443,Arjun Sharma,Axis Bank,19063,2024-01-11 18:29:00,192.168.22.106,9165210811,user195@bankmail.com
196,ACC1552,Amit Sharma,State Bank of India,ACC2892,Raj Kapoor,ICICI Bank,163476,2024-01-08 13:38:00,192.168.169.224,9381062153,user196@bankmail.com
197,ACC1379,Manoj Desai,Axis Bank,ACC2984,Manoj Patel,State Bank of India,167912,2024-01-24 01:14:00,192.168.190.121,9932361424,user197@bankmail.com
198,ACC1768,Vikram Joshi,ICICI Bank,ACC2290,Neha Sharma,Bank of Baroda,38787,2024-01-03 04:57:00,192.168.4.61,9864188348,user198@bankmail.com
199,ACC1922,Arjun Gupta,ICICI Bank,ACC2800,Priya Patel,State Bank of India,173216,2024-01-07 15:24:00,192.168.23.55,9523229789,user199@bankmail.com
200,ACC1929,Priya Joshi,State Bank of India,ACC2951,Neha Joshi,Axis Bank,129985,2024-02-01 22:06:00,192.168.209.241,9732638540,user200@bankmail.com
201,ACC1082,Sneha Kapoor,HDFC Bank,ACC2966,Vikram Gupta,Axis Bank,143646,2024-01-10 20:46:00,192.168.170.8,9211155292,user201@bankmail.com
202,ACC1081,Vikram Kumar,Axis Bank,ACC2783,Pooja Patel,State Bank of India,144624,2024-01-18 13:07:00,192.168.252.178,9779253078,user202@bankmail.com
203,ACC1466,Sneha Kumar,HDFC Bank,ACC2234,Amit Gupta,State Bank of India,104499,2024-01-26 13:09:00,192.168.33.59,9654286449,user203@bankmail.com
204,ACC1729,Arjun Verma,Axis Bank,ACC2563,Anjali Sharma,HDFC Bank,34259,2024-01-26 08:24:00,192.168.127.147,9386700772,user204@bankmail.com
205,ACC1558,Amit Verma,HDFC Bank,ACC2130,Priya Joshi,State Bank of India,72003,2024-01-02 20:03:00,192.168.227.181,9777605817,user205@bankmail.com
206,ACC1128,Vikram Joshi,Bank of Baroda,ACC2870,Manoj Reddy,HDFC Bank,117383,2024-01-18 19:29:00,192.168.93.134,9525626726,user206@bankmail.com
207,ACC1130,Manoj Sharma,Axis Bank,ACC2732,Arjun Kapoor,Axis Bank,156898,2024-01-26 08:59:00,192.168.211.134,9358550406,user207@bankmail.com
208,ACC1933,Amit Desai,HDFC Bank,ACC2468,Vikram Gupta,Axis Bank,175391,2024-01-28 11:08:00,192.168.217.161,9743815906,user208@bankmail.com
209,ACC1508,Arjun Sharma,Bank of Baroda,ACC2136,Arjun Patel,Axis Bank,91736,2024-02-01 16:10:00,192.168.142.212,9123824590,user209@bankmail.com
210,ACC1060,Anjali Sharma,HDFC Bank,ACC2808,Raj Reddy,Bank of Baroda,86973,2024-01-30 05:15:00,192.168.210.224,9870692826,user210@bankmail.com
211,ACC1672,Sneha Reddy,Axis Bank,ACC2589,Raj Joshi,HDFC Bank,189986,2024-01-17 02:08:00,192.168.224.247,9819334322,user211@bankmail.com
212,ACC1982,Manoj Joshi,ICICI Bank,ACC2773,Neha Kumar,State Bank of India,196127,2024-01-31 05:13:00,192.168.158.171,9239054811,user212@bankmail.com
213,ACC1539,Amit Singh,ICICI Bank,ACC2032,Arjun Singh,HDFC Bank,77288,2024-01-01 10:08:00,192.168.249.5,9529827924,user213@bankmail.com
214,ACC1836,Manoj Sharma,Bank of Baroda,ACC2288,Amit Reddy,HDFC Bank,124652,2024-01-18 12:41:00,192.168.198.106,9371211212,user214@bankmail.com
215,ACC1499,Sneha Desai,ICICI Bank,ACC2812,Pooja Verma,ICICI Bank,8812,2024-01-15 08:25:00,192.168.185.73,9549955722,user215@bankmail.com
216,ACC1865,Anjali Desai,Bank of Baroda,ACC2956,Sneha Gupta,ICICI Bank,170555,2024-01-06 06:51:00,192.168.138.178,9445385804,user216@bankmail.com
217,ACC1912,Manoj Reddy,ICICI Bank,ACC2458,Arjun Reddy,State Bank of India,107058,2024-02-02 08:27:00,192.168.33.59,9804438704,user217@bankmail.com
218,ACC1274,Neha Patel,Axis Bank,ACC2371,Vikram Singh,ICICI Bank,167707,2024-01-07 06:29:00,192.168.55.6,9440461665,user218@bankmail.com
219,ACC1915,Priya Verma,HDFC Bank,ACC2619,Pooja Gupta,Bank of Baroda,109535,2024-01-03 10:37:00,192.168.153.180,9699245501,user219@bankmail.com
220,ACC1717,Vikram Kapoor,Axis Bank,ACC2408,Arjun Gupta,Axis Bank,30737,2024-01-06 23:36:00,192.168.176.151,9735629766,user220@bankmail.com
221,ACC1205,Arjun Reddy,ICICI Bank,ACC2350,Pooja Gupta,Axis Bank,197031,2024-01-30 05:01:00,192.168.53.185,9293169056,user221@bankmail.com
222,ACC1158,Neha Kumar,Bank of Baroda,ACC2635,Manoj Gupta,State Bank of India,98544,2024-01-15 01:38:00,192.168.244.102,9576829852,user222@bankmail.com
223,ACC1304,Anjali Sharma,ICICI Bank,ACC2201,Manoj Desai,HDFC Bank,152444,2024-01-13 02:02:00,192.168.109.60,9642225320,user223@bankmail.com
224,ACC1311,Manoj Patel,Axis Bank,ACC2755,Sneha Joshi,Axis Bank,41103,2024-01-16 10:53:00,192.168.98.9,9934448379,user224@bankmail.com
225,ACC1764,Pooja Reddy,State Bank of India,ACC2130,Raj Singh,Axis Bank,22796,2024-01-24 11:02:00,192.168.54.81,9177257560,user225@bankmail.com
226,ACC1194,Arjun Kapoor,Axis Bank,ACC2286,Anjali Kumar,Bank of Baroda,62283,2024-01-30 02:42:00,192.168.21.31,9733981276,user226@bankmail.com
227,ACC1943,Priya Sharma,State Bank of India,ACC2034,Anjali Joshi,Bank of Baroda,187748,2024-01-21 22:07:00,192.168.163.27,9211924484,user227@bankmail.com
228,ACC1164,Anjali Patel,HDFC Bank,ACC2574,Amit Sharma,State Bank of India,161972,2024-01-10 19:33:00,192.168.23.183,9508536800,user228@bankmail.com
229,ACC1891,Priya Gupta,HDFC Bank,ACC2272,Arjun Reddy,Bank of Baroda,155522,2024-01-16 17:55:00,192.168.96.133,9149108922,user229@bankmail.com
230,ACC1108,Priya Reddy,Axis Bank,ACC2409,Sneha Verma,ICICI Bank,62513,2024-01-23 11:24:00,192.168.152.158,9800171058,user230@bankmail.com
231,ACC1623,Raj Joshi,Bank of Baroda,ACC2230,Arjun Singh,Bank of Baroda,137600,2024-01-12 06:33:00,192.168.189.207,9215775095,user231@bankmail.com
232,ACC1020,Arjun Gupta,ICICI Bank,ACC2643,Manoj Reddy,Bank of Baroda,17235,2024-01-23 00:06:00,192.168.98.233,9425929302,user232@bankmail.com
233,ACC1434,Raj Joshi,Axis Bank,ACC2045,Arjun Sharma,HDFC Bank,43028,2024-01-14 19:14:00,192.168.160.216,9519022152,user233@bankmail.com
234,ACC1647,Arjun Reddy,Axis Bank,ACC2716,Sneha Reddy,HDFC Bank,73308,2024-01-13 07:49:00,192.168.235.149,9631304964,user234@bankmail.com
235,ACC1889,Sneha Joshi,Axis Bank,ACC2256,Vikram Singh,Bank of Baroda,43511,2024-01-12 22:45:00,192.168.240.96,9974368208,user235@bankmail.com
236,ACC1429,Arjun Sharma,HDFC Bank,ACC2939,Manoj Patel,HDFC Bank,194175,2024-01-01 22:45:00,192.168.26.55,9760488003,user236@bankmail.com
237,ACC1259,Sneha Reddy,HDFC Bank,ACC2217,Vikram Kumar,State Bank of India,60077,2024-01-10 23:31:00,192.168.72.1,9796807869,user237@bankmail.com
238,ACC1895,Arjun Patel,HDFC Bank,ACC2710,Neha Patel,State Bank of India,57524,2024-01-30 08:40:00,192.168.3.96,9373067895,user238@bankmail.com
239,ACC1969,Priya Singh,HDFC Bank,ACC2998,Arjun Verma,HDFC Bank,43989,2024-01-23 19:12:00,192.168.62.135,9129548897,user239@bankmail.com
240,ACC1162,Sneha Verma,State Bank of India,ACC2931,Amit Gupta,State Bank of India,177193,2024-01-05 04:51:00,192.168.130.40,9479001445,user240@bankmail.com
241,ACC1913,Amit Singh,ICICI Bank,ACC2009,Anjali Sharma,HDFC Bank,126168,2024-01-25 22:50:00,192.168.104.253,9392617605,user241@bankmail.com
242,ACC1152,Priya Verma,ICICI Bank,ACC2567,Priya Reddy,Bank of Baroda,23089,2024-01-31 16:29:00,192.168.179.205,9581986068,user242@bankmail.com
243,ACC1304,Neha Kapoor,ICICI Bank,ACC2619,Priya Reddy,Axis Bank,9137,2024-01-27 17:41:00,192.168.255.93,9653464491,user243@bankmail.com
244,ACC1746,Priya Gupta,Axis Bank,ACC2991,Sneha Kumar,State Bank of India,112011,2024-01-20 03:43:00,192.168.47.79,9934964283,user244@bankmail.com
245,ACC1471,Manoj Kapoor,HDFC Bank,ACC2240,Vikram Joshi,HDFC Bank,70500,2024-01-04 20:53:00,192.168.124.36,9394162532,user245@bankmail.com
246,ACC1557,Arjun Reddy,Bank of Baroda,ACC2341,Neha Singh,State Bank of India,123984,2024-01-04 03:06:00,192.168.220.177,9755596052,user246@bankmail.com
247,ACC1039,Sneha Kumar,HDFC Bank,ACC2452,Arjun Kapoor,ICICI Bank,140047,2024-02-02 10:34:00,192.168.68.51,9877182250,user247@bankmail.com
248,ACC1332,Pooja Patel,HDFC Bank,ACC2739,Raj Desai,State Bank of India,8330,2024-01-01 10:31:00,192.168.98.65,9399829924,user248@bankmail.com
249,ACC1399,Amit Kumar,HDFC Bank,ACC2995,Arjun Reddy,Axis Bank,107033,2024-02-01 11:06:00,192.168.115.39,9940093317,user249@bankmail.com
250,ACC1034,Anjali Kapoor,State Bank of India,ACC2365,Neha Kumar,HDFC Bank,72605,2024-01-24 00:18:00,192.168.206.49,9123912106,user250@bankmail.com
251,ACC1163,Priya Verma,HDFC Bank,ACC2883,Arjun Kapoor,ICICI Bank,116871,2024-01-09 23:49:00,192.168.131.146,9476178085,user251@bankmail.com
252,ACC1166,Anjali Desai,Axis Bank,ACC2737,Neha Singh,Bank of Baroda,85048,2024-01-05 03:00:00,192.168.117.218,9881666513,user252@bankmail.com
253,ACC1507,Arjun Kumar,Bank of Baroda,ACC2023,Pooja Desai,ICICI Bank,62791,2024-01-14 23:25:00,192.168.139.77,9315660355,user253@bankmail.com
254,ACC1578,Neha Joshi,State Bank of India,ACC2365,Priya Singh,HDFC Bank,61586,2024-01-27 15:32:00,192.168.204.199,9267438616,user254@bankmail.com
255,ACC1513,Arjun Kumar,Bank of Baroda,ACC2197,Amit Joshi,HDFC Bank,102528,2024-01-14 07:28:00,192.168.242.200,9463584418,user255@bankmail.com
256,ACC1924,Neha Sharma,ICICI Bank,ACC2352,Pooja Sharma,HDFC Bank,20798,2024-01-22 08:55:00,192.168.245.243,9593041045,user256@bankmail.com
257,ACC1669,Sneha Patel,State Bank of India,ACC2711,Anjali Joshi,Axis Bank,198735,2024-01-16 06:01:00,192.168.67.58,9720676624,user257@bankmail.com
258,ACC1947,Anjali Verma,Axis Bank,ACC2421,Arjun Kumar,Axis Bank,16015,2024-01-11 00:08:00,192.168.224.7,9308037058,user258@bankmail.com
259,ACC1443,Arjun Joshi,State Bank of India,ACC2659,Vikram Kapoor,State Bank of India,116907,2024-01-11 06:13:00,192.168.84.83,9323097372,user259@bankmail.com
260,ACC1810,Manoj Reddy,HDFC Bank,ACC2681,Neha Patel,State Bank of India,161881,2024-01-28 22:18:00,192.168.18.211,9486891840,user260@bankmail.com
261,ACC1411,Neha Kumar,HDFC Bank,ACC2146,Pooja Kapoor,Axis Bank,130279,2024-01-03 21:12:00,192.168.52.76,9558119825,user261@bankmail.com
262,ACC1781,Sneha Verma,ICICI Bank,ACC2008,Anjali Verma,Bank of Baroda,73180,2024-01-03 19:41:00,192.168.143.132,9635215692,user262@bankmail.com
263,ACC1204,Manoj Kumar,ICICI Bank,ACC2400,Vikram Sharma,HDFC Bank,140895,2024-01-07 00:26:00,192.168.21.44,9594134223,user263@bankmail.com
264,ACC1227,Pooja Kapoor,State Bank of India,ACC2302,Raj Reddy,Axis Bank,41437,2024-01-23 01:51:00,192.168.180.1,9552539261,user264@bankmail.com
265,ACC1044,Manoj Verma,Axis Bank,ACC2688,Sneha Singh,ICICI Bank,175174,2024-01-09 05:14:00,192.168.140.193,9395384185,user265@bankmail.com
266,ACC1305,Raj Kapoor,State Bank of India,ACC2676,Arjun Desai,Bank of Baroda,126561,2024-01-15 03:59:00,192.168.217.170,9910507090,user266@bankmail.com
267,ACC1323,Arjun Kumar,Axis Bank,ACC2897,Neha Kapoor,ICICI Bank,19801,2024-01-25 19:40:00,192.168.58.175,9948993812,user267@bankmail.com
268,ACC1627,Manoj Reddy,Bank of Baroda,ACC2738,Priya Gupta,Axis Bank,94119,2024-01-11 19:50:00,192.168.63.252,9544579296,user268@bankmail.com
269,ACC1898,Amit Reddy,HDFC Bank,ACC2389,Neha Gupta,ICICI Bank,71007,2024-01-24 08:18:00,192.168.79.24,9856345019,user269@bankmail.com
270,ACC1421,Vikram Reddy,Bank of Baroda,ACC2795,Raj Gupta,Bank of Baroda,19066,2024-01-05 21:59:00,192.168.231.116,9203733820,user270@bankmail.com
271,ACC1929,Neha Singh,ICICI Bank,ACC2843,Sneha Verma,Axis Bank,123070,2024-02-04 10:08:00,192.168.78.246,9948174979,user271@bankmail.com
272,ACC1317,Arjun Gupta,Bank of Baroda,ACC2980,Arjun Singh,HDFC Bank,118642,2024-01-26 19:30:00,192.168.137.207,9370426699,user272@bankmail.com
273,ACC1943,Priya Kapoor,Bank of Baroda,ACC2751,Manoj Joshi,Axis Bank,122285,2024-02-04 19:45:00,192.168.40.180,9652528849,user273@bankmail.com
274,ACC1414,Neha Sharma,Axis Bank,ACC2135,Sneha Patel,ICICI Bank,20862,2024-01-08 06:39:00,192.168.16.4,9697951992,user274@bankmail.com
275,ACC1798,Raj Reddy,ICICI Bank,ACC2375,Anjali Sharma,ICICI Bank,91325,2024-01-25 04:32:00,192.168.63.250,9658865566,user275@bankmail.com
276,ACC1769,Neha Kapoor,State Bank of India,ACC2035,Anjali Desai,ICICI Bank,147714,2024-01-23 12:25:00,192.168.159.7,9310020308,user276@bankmail.com
277,ACC1686,Neha Kapoor,HDFC Bank,ACC2053,Vikram Gupta,HDFC Bank,161766,2024-01-20 00:17:00,192.168.80.235,9200522591,user277@bankmail.com
278,ACC1512,Anjali Patel,ICICI Bank,ACC2531,Anjali Patel,Bank of Baroda,93505,2024-01-16 17:18:00,192.168.110.39,9300651180,user278@bankmail.com
279,ACC1318,Priya Patel,HDFC Bank,ACC2458,Sneha Kumar,ICICI Bank,195145,2024-01-26 16:34:00,192.168.58.77,9134942183,user279@bankmail.com
280,ACC1750,Vikram Verma,Bank of Baroda,ACC2796,Pooja Desai,Bank of Baroda,55274,2024-01-24 08:10:00,192.168.169.251,9588550996,user280@bankmail.com
281,ACC1636,Raj Kumar,HDFC Bank,ACC2029,Amit Kapoor,Bank of Baroda,10707,2024-01-29 02:46:00,192.168.120.105,9740122903,user281@bankmail.com
282,ACC1397,Raj Singh,State Bank of India,ACC2577,Priya Sharma,Axis Bank,155538,2024-01-21 01:03:00,192.168.164.223,9757902757,user282@bankmail.com
283,ACC1963,Neha Patel,Bank of Baroda,ACC2499,Sneha Joshi,HDFC Bank,76214,2024-01-27 22:53:00,192.168.151.178,9640810373,user283@bankmail.com
284,ACC1522,Neha Reddy,State Bank of India,ACC2166,Manoj Joshi,Axis Bank,28343,2024-01-06 22:14:00,192.168.230.203,9695403144,user284@bankmail.com
285,ACC1399,Vikram Sharma,Axis Bank,ACC2090,Arjun Kumar,Axis Bank,31000,2024-01-06 13:45:00,192.168.53.189,9398695524,user285@bankmail.com
286,ACC1953,Manoj Kumar,ICICI Bank,ACC2578,Anjali Joshi,State Bank of India,60241,2024-01-21 13:36:00,192.168.3.92,9847910335,user286@bankmail.com
287,ACC1197,Arjun Gupta,Axis Bank,ACC2718,Sneha Reddy,State Bank of India,88692,2024-02-04 05:24:00,192.168.2.33,9672657827,user287@bankmail.com
288,ACC1324,Arjun Desai,Axis Bank,ACC2616,Neha Reddy,HDFC Bank,148603,2024-01-16 07:25:00,192.168.122.31,9704426488,user288@bankmail.com
289,ACC1589,Raj Sharma,State Bank of India,ACC2960,Sneha Gupta,Bank of Baroda,42788,2024-02-02 20:47:00,192.168.116.187,9997278086,user289@bankmail.com
290,ACC1168,Anjali Patel,State Bank of India,ACC2238,Sneha Gupta,Axis Bank,97456,2024-01-22 19:51:00,192.168.8.170,9242389168,user290@bankmail.com
291,ACC1127,Vikram Gupta,Axis Bank,ACC2811,Pooja Reddy,ICICI Bank,159012,2024-01-05 04:44:00,192.168.167.151,9407378402,user291@bankmail.com
292,ACC1631,Manoj Kumar,Axis Bank,ACC2026,Raj Joshi,ICICI Bank,173626,2024-01-16 08:39:00,192.168.21.254,9466872655,user292@bankmail.com
293,ACC1706,Vikram Kumar,HDFC Bank,ACC2270,Priya Desai,Axis Bank,140109,2024-01-26 02:42:00,192.168.148.216,9854834187,user293@bankmail.com
294,ACC1984,Neha Verma,ICICI Bank,ACC2332,Arjun Desai,Axis Bank,47944,2024-01-20 02:40:00,192.168.28.157,9215496117,user294@bankmail.com
295,ACC1200,Vikram Kapoor,Bank of Baroda,ACC2448,Amit Kapoor,ICICI Bank,32765,2024-01-07 15:49:00,192.168.106.238,9581715539,user295@bankmail.com
296,ACC1954,Anjali Sharma,ICICI Bank,ACC2620,Amit Reddy,HDFC Bank,80585,2024-01-16 08:33:00,192.168.250.224,9166906990,user296@bankmail.com
297,ACC1678,Anjali Kapoor,Bank of Baroda,ACC2327,Amit Kapoor,ICICI Bank,112501,2024-01-09 14:46:00,192.168.242.161,9711741454,user297@bankmail.com
298,ACC1315,Pooja Joshi,Axis Bank,ACC2876,Sneha Kapoor,Bank of Baroda,74946,2024-01-27 00:02:00,192.168.89.208,9332389888,user298@bankmail.com
299,ACC1815,Manoj Gupta,Bank of Baroda,ACC2124,Priya Patel,ICICI Bank,169098,2024-01-02 07:40:00,192.168.186.149,9256363219,user299@bankmail.com
300,ACC1198,Vikram Sharma,Axis Bank,ACC2877,Raj Patel,State Bank of India,68749,2024-02-04 21:59:00,192.168.205.93,9954120204,user300@bankmail.com
